employee_id,first_name,last_name,role,contract_type,contract_hours,is_qualified_pharmacist,license_number,hire_date,remaining_vacation,monthly_salary_range,pharmacy_id,city
EMP73974,Pierre,Girard,préparateur,CDD,25,False,,2020-11-29,1,1778-4389,PHARM6945,Toulon
EMP15485,Michèle,Bernier,préparateur,CDD,40,False,,2021-11-10,12,2140-4683,PHARM6945,Lille
EMP22656,Michel,Fournier,employé_rayon,CDD,35,False,,2020-07-24,0,2376-4559,PHARM6945,Aix-en-Provence
EMP66259,Alain,Dubois,préparateur,CDI,20,False,,2021-09-13,5,3618-4302,PHARM6945,Toulouse
EMP59518,Olivier,Gaillard,préparateur,CDI,35,False,,2021-04-29,8,2426-4156,PHARM6945,Clermont-Ferrand
EMP34875,André,Lefevre,employé_rayon,CDI,30,False,,2023-01-10,23,3483-4882,PHARM6945,Rennes
EMP24056,Jacques,Dupont,pharmacien_titulaire,CDI,35,True,RP657148,2020-05-10,24,1922-4568,PHARM6945,Montpellier
EMP94466,Isabelle,Michel,employé_rayon,CDI,30,False,,2021-05-18,16,2037-4882,PHARM6945,Marseille
EMP97804,Daniel,Lefevre,préparateur,CDD,30,False,,2020-02-21,16,2354-4667,PHARM6945,Grenoble
EMP25635,Thierry,Gaillard,stagiaire,CDI,40,False,,2021-04-01,6,3311-4223,PHARM6945,Montpellier
EMP96712,Michèle,Delorme,stagiaire,CDD,35,False,,2021-01-05,17,3319-4600,PHARM6945,Nice
EMP61898,Jacques,Gérard,préparateur,CDI,30,False,,2022-06-19,14,2383-4749,PHARM6945,Rouen
EMP28870,Cécile,Girard,employé_rayon,CDD,25,False,,2022-03-31,0,2402-4513,PHARM6945,Bordeaux
EMP67420,Michèle,Maillard,pharmacien_adjoint,CDD,25,True,RP133021,2022-10-06,25,1721-4265,PHARM6945,Clermont-Ferrand
EMP54954,Laurent,Moreau,pharmacien_adjoint,CDI,30,True,RP846086,2022-07-15,10,3502-4383,PHARM6945,Bordeaux
EMP37064,Sophie,Delacroix,préparateur,CDD,25,False,,2020-10-16,1,3811-4869,PHARM6945,Nice
EMP92211,Irène,Maillard,pharmacien_adjoint,CDI,25,True,RP680595,2022-12-26,21,3351-4301,PHARM6945,Angers
EMP81029,Jacques,Bernier,pharmacien_adjoint,CDD,35,True,RP640444,2021-07-18,6,2093-4230,PHARM6945,Toulon
EMP98552,Michèle,Bernier,pharmacien_adjoint,CDI,25,True,RP700214,2022-04-11,14,3934-4182,PHARM6945,Nice
EMP89869,Anne,Lefevre,employé_rayon,CDI,40,False,,2021-07-23,23,1911-4539,PHARM6945,Paris
EMP36691,André,Leroy,préparateur,CDD,35,False,,2021-09-30,24,1945-4327,PHARM6945,Grenoble
EMP73052,Danielle,Laurent,préparateur,CDD,25,False,,2022-09-10,5,3955-4870,PHARM6945,Angers
EMP75237,Jacques,Fabre,préparateur,CDI,20,False,,2022-01-18,1,3121-4331,PHARM6945,Le Havre
EMP21198,Stéphanie,Blanc,préparateur,CDI,35,False,,2023-02-04,1,3213-4104,PHARM6945,Brest
EMP61716,Philippe,Renaud,pharmacien_titulaire,CDD,40,True,RP361883,2023-07-31,7,3906-4684,PHARM6945,Nîmes
EMP70715,Claire,Michel,pharmacien_adjoint,CDI,40,True,RP283432,2022-03-02,5,3963-4529,PHARM6945,Saint-Denis
EMP33403,Cécile,Dubois,préparateur,CDD,30,False,,2021-02-27,1,1674-4447,PHARM6945,Nantes
EMP29546,Anne,Moreau,préparateur,CDI,40,False,,2020-10-18,25,1547-4839,PHARM6945,Rennes
EMP58426,Michel,Bernard,employé_rayon,CDI,20,False,,2022-10-16,9,1614-4573,PHARM6945,Brest
EMP21002,Irène,Fabre,préparateur,CDI,25,False,,2022-09-02,17,3562-4912,PHARM6945,Limoges
EMP42121,Sophie,Dubois,employé_rayon,CDD,25,False,,2023-04-29,1,1889-4141,PHARM6945,Amiens
EMP63736,Françoise,Morin,stagiaire,CDD,25,False,,2022-06-28,12,3245-4342,PHARM6945,Marseille
EMP54855,Jean,Gaillard,préparateur,CDD,30,False,,2021-12-18,4,2443-4984,PHARM6945,Reims
EMP10390,Isabelle,Fontaine,préparateur,CDI,40,False,,2020-08-08,11,1643-4553,PHARM6945,Aix-en-Provence
EMP21286,Bernard,Morin,stagiaire,CDD,25,False,,2022-05-03,17,3663-4688,PHARM6945,Nîmes
EMP23535,Stéphanie,Fontaine,pharmacien_titulaire,CDI,35,True,RP692231,2023-05-24,17,3346-4398,PHARM6945,Rennes
EMP14811,Alain,Fournier,préparateur,CDI,35,False,,2022-11-27,11,2519-4997,PHARM6945,Montpellier
EMP23586,Philippe,Blanc,pharmacien_adjoint,CDD,40,True,RP298500,2020-05-27,22,2107-4672,PHARM6945,Amiens
EMP49470,Valérie,Maillard,préparateur,CDI,40,False,,2021-07-03,24,1771-4268,PHARM6945,Nantes
EMP76224,Jean,Fabre,préparateur,CDD,40,False,,2020-01-21,0,2873-4807,PHARM6945,Montpellier
EMP79971,Laurent,Poirier,pharmacien_adjoint,CDI,25,True,RP770464,2021-02-13,12,2646-4671,PHARM6945,Angers
EMP23811,Luc,Gérard,pharmacien_adjoint,CDI,30,True,RP134923,2021-04-10,18,2295-4940,PHARM6945,Brest
EMP79692,Christian,Delorme,pharmacien_adjoint,CDI,25,True,RP691220,2021-04-10,24,2995-4992,PHARM6945,Amiens
EMP94416,Nathalie,Martin,pharmacien_adjoint,CDI,20,True,RP666010,2023-11-02,15,2131-4360,PHARM6945,Montpellier
EMP89511,Georges,Rousseau,pharmacien_adjoint,CDD,25,True,RP869607,2020-02-26,17,2261-4268,PHARM6945,Grenoble
EMP90071,Pierre,Morin,pharmacien_titulaire,CDI,40,True,RP474538,2021-11-25,7,3460-4321,PHARM6945,Le Mans
EMP17191,Daniel,Leclerc,pharmacien_adjoint,CDI,40,True,RP486718,2022-05-07,25,3499-4596,PHARM6945,Nantes
EMP95894,Thérèse,Delorme,pharmacien_titulaire,CDD,25,True,RP273158,2021-11-02,25,3372-4224,PHARM6945,Clermont-Ferrand
EMP52819,Joseph,Girard,pharmacien_titulaire,CDI,35,True,RP571794,2020-05-22,19,3481-4615,PHARM6945,Saint-Denis
EMP31997,Daniel,Fournier,pharmacien_adjoint,CDD,20,True,RP515597,2023-01-31,3,3018-4994,PHARM6945,Saint-Denis
EMP12502,Christine,Girard,préparateur,CDI,30,False,,2023-08-26,2,2965-4689,PHARM6945,Toulouse
EMP65783,Catherine,Gaillard,préparateur,CDI,40,False,,2022-12-13,23,2522-4777,PHARM6945,Saint-Étienne
EMP97917,Catherine,Dupont,préparateur,CDD,30,False,,2021-01-02,21,2695-4824,PHARM6945,Reims
EMP47547,Jacques,Dubois,pharmacien_titulaire,CDD,35,True,RP449443,2021-01-03,19,2834-4473,PHARM6945,Strasbourg
EMP70672,Florence,Poirier,employé_rayon,CDD,25,False,,2020-10-11,5,1611-4163,PHARM6945,Rennes
EMP30417,Sylvie,Rousseau,pharmacien_adjoint,CDD,20,True,RP451320,2021-12-21,20,2056-4615,PHARM6945,Nantes
EMP25587,Michèle,Martin,pharmacien_titulaire,CDI,20,True,RP690608,2022-01-22,11,3634-4760,PHARM6945,Bordeaux
EMP39914,Françoise,Fontaine,pharmacien_adjoint,CDI,40,True,RP191877,2022-03-27,11,3422-4652,PHARM6945,Bordeaux
EMP10250,Claire,Leroy,pharmacien_adjoint,CDD,30,True,RP637517,2022-01-26,12,2899-4536,PHARM6945,Bordeaux
EMP10883,Valérie,Gérard,préparateur,CDI,20,False,,2023-05-13,8,2832-4958,PHARM6945,Aix-en-Provence
EMP33394,Philippe,Lefevre,préparateur,CDI,35,False,,2023-06-28,13,3372-4286,PHARM6945,Reims
EMP96830,Jean,Roux,pharmacien_titulaire,CDD,30,True,RP642364,2020-05-26,7,3909-4397,PHARM6945,Grenoble
EMP14020,Anne,Arnould,préparateur,CDD,25,False,,2021-02-16,25,2743-4252,PHARM6945,Aix-en-Provence
EMP66862,Catherine,Leroy,pharmacien_titulaire,CDD,20,True,RP202825,2023-11-28,3,3635-4869,PHARM6945,Lille
EMP98051,Anne,Renaud,pharmacien_adjoint,CDI,35,True,RP929620,2023-09-04,6,1956-4249,PHARM6945,Saint-Étienne
EMP26400,Jacques,Fournier,préparateur,CDD,25,False,,2020-05-14,16,3382-4254,PHARM6945,Nantes
EMP29927,Alain,Maillard,employé_rayon,CDD,35,False,,2022-01-13,8,2298-4944,PHARM6945,Limoges
EMP91623,Joseph,Andre,pharmacien_titulaire,CDD,40,True,RP501146,2020-08-27,15,1622-4997,PHARM6945,Angers
EMP62099,Valérie,Roux,pharmacien_titulaire,CDI,25,True,RP220365,2022-08-13,2,2340-4706,PHARM6945,Grenoble
EMP71293,Philippe,Bernard,pharmacien_adjoint,CDD,40,True,RP740388,2022-06-07,11,1945-4525,PHARM6945,Bordeaux
EMP26857,Pierre,Renaud,pharmacien_titulaire,CDI,35,True,RP381670,2022-10-15,10,3324-4528,PHARM6945,Marseille
EMP56855,Christiane,Gérard,pharmacien_adjoint,CDI,20,True,RP460657,2021-04-18,19,2148-4700,PHARM6945,Aix-en-Provence
EMP54908,Françoise,Arnould,pharmacien_adjoint,CDI,35,True,RP723746,2022-03-25,6,3208-4251,PHARM6945,Saint-Étienne
EMP13704,Nathalie,Martin,pharmacien_adjoint,CDI,40,True,RP989150,2022-11-20,22,2233-4310,PHARM6945,Toulon
EMP57775,Olivier,Fabre,préparateur,CDD,40,False,,2021-08-07,0,2443-4440,PHARM6945,Lyon
EMP98782,Pierre,Blanc,préparateur,CDD,25,False,,2022-07-02,8,3994-4339,PHARM6945,Amiens
EMP91325,Jean,Delacroix,préparateur,CDD,25,False,,2020-06-22,20,2511-4466,PHARM6945,Nice
EMP16128,Pascale,Roux,préparateur,CDD,30,False,,2023-04-25,2,2541-4205,PHARM6945,Montpellier
EMP73176,Jacques,Renaud,employé_rayon,CDD,25,False,,2020-07-28,12,3121-4978,PHARM6945,Clermont-Ferrand
EMP24039,Stéphanie,Simon,employé_rayon,CDD,35,False,,2020-09-19,16,1733-4923,PHARM6945,Strasbourg
EMP11451,Valérie,Rousseau,préparateur,CDD,20,False,,2023-01-18,1,3409-4965,PHARM6945,Grenoble
EMP48344,André,Bernard,pharmacien_adjoint,CDI,30,True,RP617873,2021-10-09,13,2648-4564,PHARM6945,Reims
EMP37130,Irène,Simon,employé_rayon,CDI,20,False,,2023-04-06,4,1669-4665,PHARM6945,Clermont-Ferrand
EMP69057,Valérie,Michel,employé_rayon,CDD,25,False,,2022-04-10,10,1980-4406,PHARM6945,Rennes
EMP70018,Pierre,Rousseau,préparateur,CDD,20,False,,2020-05-31,2,2652-4600,PHARM6945,Angers
EMP34081,Isabelle,Bernier,pharmacien_titulaire,CDI,30,True,RP679818,2023-01-26,8,3457-4418,PHARM6945,Paris
EMP75855,Françoise,Girard,préparateur,CDD,25,False,,2020-06-10,21,2582-4109,PHARM6945,Saint-Étienne
EMP95294,Martine,Roux,pharmacien_adjoint,CDI,40,True,RP498719,2023-12-30,6,2137-4744,PHARM6945,Lille
EMP14516,Catherine,Rousseau,pharmacien_titulaire,CDD,25,True,RP382156,2022-02-17,19,3713-4362,PHARM6945,Angers
EMP21924,Christine,Morin,pharmacien_titulaire,CDD,35,True,RP781808,2023-02-23,11,2594-4785,PHARM6945,Paris
EMP21422,Thérèse,Moreau,préparateur,CDD,35,False,,2022-09-14,12,2877-4158,PHARM6945,Reims
EMP81452,Philippe,Martin,pharmacien_titulaire,CDD,25,True,RP642486,2023-01-26,23,3017-4189,PHARM6945,Lyon
EMP87724,Isabelle,Simon,pharmacien_adjoint,CDI,30,True,RP281926,2023-02-04,9,1865-4500,PHARM6945,Strasbourg
EMP62021,Paul,Gaillard,pharmacien_titulaire,CDI,20,True,RP337726,2023-04-22,12,2402-4433,PHARM6945,Toulouse
EMP46402,Martine,Bernard,employé_rayon,CDI,30,False,,2023-02-11,12,1965-4287,PHARM6945,Saint-Denis
EMP98141,Daniel,Fournier,employé_rayon,CDI,20,False,,2023-07-12,20,2126-4855,PHARM6945,Aix-en-Provence
EMP99430,Nathalie,Arnould,employé_rayon,CDI,35,False,,2022-08-23,12,3936-5000,PHARM6945,Rennes
EMP35555,Monique,Fabre,pharmacien_titulaire,CDI,20,True,RP750352,2022-07-23,14,3478-4760,PHARM6945,Nice
EMP80460,Christian,Michel,pharmacien_adjoint,CDD,35,True,RP988574,2023-11-05,0,1709-4231,PHARM6945,Bordeaux
EMP98895,Florence,Poulain,pharmacien_titulaire,CDI,35,True,RP922911,2022-03-12,1,2683-4514,PHARM6945,Le Mans
EMP12909,Michèle,Andre,préparateur,CDD,30,False,,2023-06-12,18,1514-4792,PHARM6945,Toulon
EMP72160,Irène,Bernard,pharmacien_titulaire,CDD,30,True,RP210864,2022-10-28,9,3740-4821,PHARM6945,Reims
EMP92167,Sophie,Fournier,stagiaire,CDI,30,False,,2022-01-18,23,1745-4547,PHARM6945,Paris
EMP87098,Laurent,Leclerc,pharmacien_titulaire,CDI,30,True,RP200872,2023-06-11,16,2211-4516,PHARM6945,Le Mans
EMP16526,Michel,Dubois,préparateur,CDI,30,False,,2023-07-01,12,2533-4316,PHARM6945,Strasbourg
EMP99920,Danielle,Michel,pharmacien_adjoint,CDD,25,True,RP297904,2022-07-24,8,2520-4653,PHARM6945,Paris
EMP92710,Olivier,Renaud,pharmacien_adjoint,CDI,35,True,RP657387,2021-12-31,25,3258-4491,PHARM6945,Le Mans
EMP76442,Alain,Simon,préparateur,CDI,20,False,,2023-05-28,9,2339-4505,PHARM6945,Nantes
EMP51665,Laurent,Renaud,pharmacien_adjoint,CDD,20,True,RP295230,2022-03-28,10,2851-4386,PHARM6945,Nantes
EMP62782,Christian,Laurent,préparateur,CDD,25,False,,2020-12-11,22,3038-4584,PHARM6945,Rennes
EMP76360,Cécile,Renaud,pharmacien_titulaire,CDD,40,True,RP458614,2023-10-23,16,3541-4350,PHARM6945,Toulon
EMP65434,Joseph,Poulain,pharmacien_titulaire,CDD,20,True,RP440123,2020-09-11,25,3312-4865,PHARM6945,Lille
EMP28835,Philippe,Fabre,pharmacien_adjoint,CDI,30,True,RP878568,2022-04-04,21,3160-4656,PHARM6945,Grenoble
EMP76841,Jacques,Arnould,pharmacien_adjoint,CDD,40,True,RP606948,2021-01-27,1,2822-4191,PHARM6945,Nice
EMP64149,Marc,Blanc,pharmacien_adjoint,CDI,20,True,RP483882,2020-10-27,1,2273-4721,PHARM6945,Montpellier
EMP88160,Laurent,Arnould,préparateur,CDI,35,False,,2020-05-03,1,1783-4224,PHARM6945,Reims
EMP69721,Joseph,Martin,préparateur,CDD,20,False,,2020-12-22,10,2439-4613,PHARM6945,Angers
EMP50680,Danielle,Leroy,stagiaire,CDI,35,False,,2020-07-03,7,2487-4516,PHARM6945,Brest
EMP20467,Christine,Fournier,employé_rayon,CDI,35,False,,2020-10-25,18,3586-4342,PHARM6945,Le Mans
EMP89623,Nathalie,Bernard,préparateur,CDI,20,False,,2022-03-29,12,3088-4773,PHARM6945,Grenoble
EMP87140,René,Girard,stagiaire,CDD,25,False,,2022-02-16,25,3030-4116,PHARM6945,Amiens
EMP86320,René,Martin,stagiaire,CDI,25,False,,2020-02-11,12,2778-4512,PHARM6945,Toulouse
EMP93540,André,Michel,préparateur,CDI,30,False,,2021-02-25,15,3098-5000,PHARM6945,Bordeaux
EMP81329,Georges,Chevalier,employé_rayon,CDI,20,False,,2021-01-10,2,2506-4818,PHARM6945,Saint-Étienne
EMP11505,Alain,Michel,employé_rayon,CDI,25,False,,2021-07-09,11,2670-4329,PHARM6945,Saint-Étienne
EMP69324,Valérie,Gaillard,préparateur,CDI,30,False,,2023-02-14,17,1544-4938,PHARM6945,Rouen
EMP57228,Michel,Blanc,préparateur,CDD,35,False,,2023-08-10,20,3711-4705,PHARM6945,Le Havre
EMP68457,Christine,Martin,stagiaire,CDI,20,False,,2021-02-13,5,2630-4225,PHARM6945,Rennes
EMP56198,Isabelle,Fournier,employé_rayon,CDD,35,False,,2020-05-19,17,3469-4514,PHARM6945,Strasbourg
EMP46159,Danielle,Gérard,employé_rayon,CDI,25,False,,2020-12-28,23,1778-4221,PHARM6945,Saint-Étienne
EMP38625,Christiane,Bernard,préparateur,CDD,30,False,,2020-04-22,10,3312-4664,PHARM6945,Montpellier
EMP88452,Marie,Martin,préparateur,CDD,20,False,,2020-11-05,5,2611-4574,PHARM6945,Limoges
EMP52916,Martine,Gérard,préparateur,CDD,20,False,,2020-01-16,17,3358-4856,PHARM6945,Montpellier
EMP10664,Pierre,Fabre,pharmacien_titulaire,CDD,25,True,RP519071,2022-01-26,16,2454-4800,PHARM6945,Toulon
EMP43236,Sophie,Bernier,pharmacien_titulaire,CDI,30,True,RP389316,2021-11-23,21,1607-4364,PHARM6945,Lyon
EMP47051,Marie,Roux,employé_rayon,CDD,40,False,,2023-07-04,13,3248-4223,PHARM6945,Nîmes
EMP66285,Joseph,Fontaine,pharmacien_adjoint,CDI,25,True,RP695806,2022-10-20,19,3686-4475,PHARM6945,Toulouse
EMP76785,Sophie,Leroy,employé_rayon,CDD,20,False,,2021-02-15,2,3821-4554,PHARM6945,Toulouse
EMP16097,Pierre,Poulain,employé_rayon,CDI,20,False,,2022-03-06,8,2086-4579,PHARM6945,Paris
EMP87652,Philippe,Delorme,pharmacien_adjoint,CDD,40,True,RP919260,2023-02-08,14,3177-4385,PHARM6945,Saint-Denis
EMP34741,Nathalie,Lefevre,employé_rayon,CDI,35,False,,2020-06-18,7,3351-4361,PHARM6945,Nîmes
EMP33870,Luc,Delorme,pharmacien_titulaire,CDD,20,True,RP101006,2023-09-10,20,1885-4966,PHARM6945,Le Mans
EMP67059,Christiane,Martin,préparateur,CDD,40,False,,2023-08-25,0,3403-4806,PHARM6945,Montpellier
EMP35306,Pierre,Poirier,préparateur,CDD,25,False,,2023-10-12,2,3700-4351,PHARM6945,Rennes
EMP16087,André,Benoit,employé_rayon,CDI,30,False,,2020-08-15,5,1819-4765,PHARM6945,Amiens
EMP71300,Valérie,Laurent,préparateur,CDD,30,False,,2020-09-06,2,3777-4571,PHARM6945,Aix-en-Provence
EMP59368,Christiane,Gaillard,pharmacien_adjoint,CDI,25,True,RP635957,2020-06-19,19,1768-4845,PHARM6945,Clermont-Ferrand
EMP69699,Alain,Renaud,préparateur,CDD,30,False,,2022-10-12,4,1823-4463,PHARM6945,Angers
EMP19801,Jean,Moreau,préparateur,CDD,40,False,,2022-01-14,23,3193-4469,PHARM6945,Toulouse
EMP44811,Florence,Fabre,préparateur,CDD,35,False,,2023-04-15,5,2911-4946,PHARM6945,Aix-en-Provence
EMP86763,Françoise,Rousseau,pharmacien_adjoint,CDD,20,True,RP917192,2020-08-17,7,3430-4682,PHARM6945,Toulouse
EMP45460,Luc,Andre,pharmacien_adjoint,CDI,25,True,RP576199,2023-11-18,0,2913-4772,PHARM6945,Saint-Denis
EMP25809,Marie,Girard,pharmacien_adjoint,CDI,20,True,RP671951,2021-03-23,15,3996-4305,PHARM6945,Lyon
EMP79714,Christiane,Girard,préparateur,CDD,30,False,,2023-02-08,5,3924-4155,PHARM6945,Amiens
EMP30908,Olivier,Poulain,employé_rayon,CDI,20,False,,2020-12-07,22,2367-4367,PHARM6945,Brest
EMP18030,Catherine,Arnould,préparateur,CDD,20,False,,2020-02-09,16,2063-4372,PHARM6945,Angers
EMP29117,André,Roux,préparateur,CDD,25,False,,2023-08-20,2,3649-4394,PHARM6945,Le Mans
EMP68832,Catherine,Girard,stagiaire,CDD,20,False,,2023-07-01,5,2735-4844,PHARM6945,Strasbourg
EMP84523,Paul,Bernard,préparateur,CDD,35,False,,2020-10-24,21,2755-4472,PHARM6945,Strasbourg
EMP12257,Luc,Laurent,pharmacien_titulaire,CDD,20,True,RP590276,2021-12-29,1,2346-4751,PHARM6945,Amiens
EMP67753,Marc,Bernard,pharmacien_adjoint,CDD,40,True,RP825964,2023-05-02,16,3135-4258,PHARM6945,Clermont-Ferrand
EMP22649,Luc,Leroy,employé_rayon,CDD,30,False,,2022-08-24,1,1541-4104,PHARM6945,Le Mans
EMP98120,Georges,Arnould,employé_rayon,CDI,35,False,,2020-02-22,9,2511-4756,PHARM6945,Saint-Denis
EMP20339,Françoise,Poirier,préparateur,CDD,20,False,,2022-11-26,9,2454-4891,PHARM6945,Brest
EMP84521,Cécile,Leclerc,préparateur,CDI,25,False,,2020-12-19,20,2669-4353,PHARM6945,Rennes
EMP88991,Nathalie,Renaud,pharmacien_titulaire,CDD,35,True,RP237021,2021-07-14,4,3514-4205,PHARM6945,Paris
EMP43866,Françoise,Delacroix,préparateur,CDD,40,False,,2020-09-06,0,3464-4846,PHARM6945,Angers
EMP30635,Marc,Martin,pharmacien_titulaire,CDI,20,True,RP630431,2021-05-01,5,1513-4227,PHARM6945,Lyon
EMP27620,Jacques,Blanc,pharmacien_titulaire,CDI,20,True,RP985617,2021-10-02,16,1716-4832,PHARM6945,Toulon
EMP86225,Michel,Renaud,préparateur,CDD,35,False,,2021-04-02,10,2929-4956,PHARM6945,Bordeaux
EMP77144,Michel,Bernier,employé_rayon,CDI,30,False,,2020-05-30,6,1924-4523,PHARM6945,Grenoble
EMP40062,Michèle,Lefevre,pharmacien_titulaire,CDI,20,True,RP661601,2021-10-27,25,3788-4928,PHARM6945,Grenoble
EMP62367,Anne,Michel,pharmacien_adjoint,CDI,25,True,RP552932,2021-10-02,6,1629-4658,PHARM6945,Reims
EMP90724,Jean-Paul,Laurent,stagiaire,CDI,40,False,,2021-09-23,13,1587-4508,PHARM6945,Paris
EMP59253,Pierre,Martin,pharmacien_adjoint,CDI,35,True,RP136187,2021-09-22,6,1626-4483,PHARM6945,Toulouse
EMP28419,Paul,Arnould,employé_rayon,CDD,25,False,,2022-07-25,17,2234-4806,PHARM6945,Lille
EMP77314,Danielle,Blanc,pharmacien_titulaire,CDI,30,True,RP698728,2023-05-04,25,2803-4469,PHARM6945,Grenoble
EMP39246,Michel,Moreau,pharmacien_titulaire,CDI,35,True,RP578217,2022-09-30,15,2060-4833,PHARM6945,Paris
EMP70071,Sophie,Bernard,préparateur,CDI,40,False,,2020-11-13,1,3779-4972,PHARM6945,Grenoble
EMP22659,Nathalie,Lefevre,préparateur,CDD,25,False,,2023-07-23,19,2984-4927,PHARM6945,Strasbourg
EMP79456,René,Maillard,pharmacien_titulaire,CDI,20,True,RP939517,2023-03-18,5,1597-4277,PHARM6945,Bordeaux
EMP39307,Sylvie,Renaud,stagiaire,CDI,20,False,,2023-11-20,4,3406-4375,PHARM6945,Rennes
EMP13516,Marie,Morin,employé_rayon,CDD,40,False,,2020-10-25,20,3804-4150,PHARM6945,Bordeaux
EMP53679,Olivier,Benoit,pharmacien_titulaire,CDI,25,True,RP975466,2022-07-28,10,3788-4322,PHARM6945,Le Havre
EMP17619,Olivier,Gérard,préparateur,CDD,40,False,,2021-06-30,11,3331-4905,PHARM6945,Lille
EMP20908,Pierre,Bernier,préparateur,CDI,35,False,,2023-12-24,14,2621-4310,PHARM6945,Amiens
EMP47053,Thierry,Fontaine,employé_rayon,CDD,30,False,,2022-06-13,5,2752-4506,PHARM6945,Marseille
EMP84997,Florence,Chevalier,employé_rayon,CDI,40,False,,2021-10-19,3,3124-4962,PHARM6945,Nice
EMP61727,Monique,Roux,pharmacien_adjoint,CDD,20,True,RP516521,2022-08-02,24,3832-4972,PHARM6945,Marseille
EMP82178,Laurent,Dupont,préparateur,CDI,30,False,,2023-12-02,12,2778-4792,PHARM6945,Lyon
EMP86791,Françoise,Renaud,préparateur,CDI,35,False,,2020-05-27,10,3460-4774,PHARM6945,Toulouse
EMP95747,Bernard,Gaillard,pharmacien_titulaire,CDD,20,True,RP923783,2022-12-08,3,3642-4413,PHARM6945,Lille
EMP89032,Philippe,Leroy,préparateur,CDD,40,False,,2020-12-29,6,3652-4660,PHARM6945,Clermont-Ferrand
EMP32743,Valérie,Fontaine,stagiaire,CDD,20,False,,2023-03-21,12,2146-4441,PHARM6945,Nantes
EMP35003,Danielle,Martin,préparateur,CDI,40,False,,2021-03-06,2,2131-4808,PHARM6945,Limoges
EMP90904,André,Leclerc,préparateur,CDD,40,False,,2020-02-24,16,3540-4808,PHARM6945,Bordeaux
EMP56046,Cécile,Martin,pharmacien_adjoint,CDI,40,True,RP880374,2020-01-03,22,3981-4775,PHARM6945,Strasbourg
EMP70964,Jacques,Blanc,préparateur,CDD,35,False,,2020-12-14,5,2148-4884,PHARM6945,Saint-Denis
EMP75210,Sophie,Roux,employé_rayon,CDD,20,False,,2020-01-12,22,3107-4726,PHARM6945,Amiens
EMP52059,Danielle,Leclerc,pharmacien_adjoint,CDI,40,True,RP314219,2020-04-12,0,2779-4300,PHARM6945,Saint-Étienne
EMP37671,Françoise,Girard,préparateur,CDI,20,False,,2022-03-28,1,2513-4463,PHARM6945,Marseille
EMP67155,Marie,Chevalier,employé_rayon,CDI,20,False,,2023-07-10,13,2271-4936,PHARM6945,Nice
EMP38348,Florence,Renaud,pharmacien_titulaire,CDD,30,True,RP478739,2020-12-22,8,2540-4711,PHARM6945,Le Mans
EMP62383,Jacques,Girard,employé_rayon,CDD,25,False,,2020-09-06,19,1714-4507,PHARM6945,Toulon
EMP83140,Thierry,Delacroix,employé_rayon,CDD,30,False,,2020-07-17,0,1868-4478,PHARM6945,Toulon
EMP80842,Thérèse,Girard,pharmacien_titulaire,CDI,35,True,RP503118,2022-01-18,22,3802-4936,PHARM6945,Bordeaux
EMP65916,Jean-Paul,Chevalier,pharmacien_adjoint,CDD,30,True,RP705861,2021-02-26,11,2020-4681,PHARM6945,Nantes
EMP64556,Marie,Delorme,pharmacien_adjoint,CDI,40,True,RP808487,2023-11-21,21,2373-4549,PHARM6945,Saint-Denis
EMP84211,Danielle,Bernier,préparateur,CDI,35,False,,2023-06-13,7,2048-4698,PHARM6945,Le Havre
EMP79049,Paul,Gérard,pharmacien_adjoint,CDI,20,True,RP472920,2022-01-03,10,3795-4186,PHARM6945,Montpellier
EMP62885,Jean,Lefevre,préparateur,CDI,40,False,,2021-04-03,12,1522-4475,PHARM6945,Toulon
EMP70504,Sylvie,Gaillard,préparateur,CDI,20,False,,2022-07-25,11,3604-4160,PHARM6945,Reims
EMP63795,Catherine,Poirier,préparateur,CDD,20,False,,2020-03-11,25,2702-4969,PHARM6945,Paris
EMP47001,Catherine,Simon,employé_rayon,CDD,30,False,,2021-05-05,11,1874-4940,PHARM6945,Nîmes
EMP38149,Valérie,Simon,employé_rayon,CDD,30,False,,2021-05-14,6,2314-4281,PHARM6945,Bordeaux
EMP15555,René,Chevalier,préparateur,CDD,25,False,,2022-08-01,17,2768-4426,PHARM6945,Le Mans
EMP45733,Marie,Fournier,pharmacien_adjoint,CDI,40,True,RP489259,2023-10-31,17,3328-4400,PHARM6945,Rennes
EMP63020,Thérèse,Delacroix,pharmacien_adjoint,CDD,20,True,RP362929,2020-03-10,6,2910-4571,PHARM6945,Toulouse
EMP86970,Christiane,Gaillard,pharmacien_titulaire,CDD,30,True,RP709763,2020-05-31,14,3071-4815,PHARM6945,Bordeaux
EMP10139,Jacques,Blanc,préparateur,CDD,25,False,,2020-09-22,17,3882-4187,PHARM6945,Nice
EMP13191,René,Simon,préparateur,CDD,20,False,,2023-04-10,3,3743-4781,PHARM6945,Bordeaux
EMP21527,Daniel,Martin,préparateur,CDI,30,False,,2022-06-15,17,3088-4407,PHARM6945,Brest
EMP51521,Luc,Delacroix,employé_rayon,CDI,20,False,,2021-02-24,11,3740-4283,PHARM6945,Marseille
EMP84188,Thierry,Fabre,pharmacien_adjoint,CDD,30,True,RP279196,2020-12-13,7,2308-4485,PHARM6945,Saint-Étienne
EMP53618,Alain,Bernier,préparateur,CDD,40,False,,2022-05-30,15,2145-4171,PHARM6945,Bordeaux
EMP87408,Pierre,Maillard,employé_rayon,CDI,40,False,,2020-12-26,22,1945-4202,PHARM6945,Angers
EMP56558,Paul,Chevalier,employé_rayon,CDI,20,False,,2021-12-25,22,3378-4385,PHARM6945,Grenoble
EMP78728,Alain,Fournier,préparateur,CDI,25,False,,2020-08-25,22,2684-4619,PHARM6945,Lille
EMP32915,Nathalie,Leclerc,pharmacien_titulaire,CDI,40,True,RP998062,2021-11-13,11,3269-4544,PHARM6945,Nice
EMP54843,Daniel,Blanc,préparateur,CDD,20,False,,2021-08-25,13,2477-4437,PHARM6945,Marseille
EMP85709,René,Chevalier,pharmacien_adjoint,CDI,35,True,RP583760,2021-09-25,2,2263-4415,PHARM6945,Nice
EMP24604,Danielle,Fournier,pharmacien_adjoint,CDD,25,True,RP928779,2021-05-20,16,2123-4765,PHARM6945,Clermont-Ferrand
EMP12863,Françoise,Dupont,employé_rayon,CDI,40,False,,2020-12-08,3,2578-4209,PHARM6945,Le Mans
EMP74002,Sophie,Dubois,préparateur,CDI,40,False,,2022-07-14,19,1986-4718,PHARM6945,Rouen
EMP50997,Marc,Blanc,pharmacien_adjoint,CDI,35,True,RP395704,2023-05-14,8,2989-4562,PHARM6945,Lille
EMP40125,Sophie,Dubois,pharmacien_adjoint,CDD,25,True,RP957645,2023-03-24,2,2374-4867,PHARM6945,Lyon
EMP22918,Catherine,Delorme,pharmacien_adjoint,CDD,30,True,RP827989,2023-12-26,18,3926-4573,PHARM6945,Toulon
EMP72153,Georges,Bernier,préparateur,CDI,25,False,,2022-03-17,24,2609-4962,PHARM6945,Strasbourg
EMP14604,Sophie,Poirier,employé_rayon,CDI,30,False,,2021-10-13,16,3334-4699,PHARM6945,Nice
EMP30092,Alain,Blanc,pharmacien_titulaire,CDD,40,True,RP950048,2020-12-20,3,3032-4926,PHARM6945,Nice
EMP52147,Thérèse,Lefevre,pharmacien_adjoint,CDD,40,True,RP830879,2022-04-11,1,2289-4972,PHARM6945,Montpellier
EMP39284,Alain,Bernier,pharmacien_titulaire,CDI,25,True,RP180612,2021-04-04,9,1585-4156,PHARM6945,Montpellier
EMP71936,Joseph,Poirier,pharmacien_adjoint,CDD,25,True,RP580125,2020-05-14,18,2439-4935,PHARM6945,Bordeaux
EMP82491,Catherine,Bernard,pharmacien_adjoint,CDD,30,True,RP312773,2021-07-29,18,2895-4982,PHARM6945,Amiens
EMP22280,Pierre,Delacroix,employé_rayon,CDD,35,False,,2021-05-28,5,3232-4659,PHARM6945,Saint-Denis
EMP78638,Anne,Renaud,pharmacien_adjoint,CDI,40,True,RP784391,2022-01-01,11,3083-4175,PHARM6945,Nice
EMP35115,Cécile,Roux,employé_rayon,CDI,20,False,,2022-11-03,23,3289-4888,PHARM6945,Grenoble
EMP79347,Irène,Poirier,préparateur,CDD,20,False,,2022-03-09,21,2349-4686,PHARM6945,Le Havre
EMP89129,Thérèse,Michel,pharmacien_adjoint,CDI,20,True,RP370527,2023-05-25,10,3265-4548,PHARM6945,Nice
EMP67544,Marc,Benoit,préparateur,CDI,30,False,,2021-11-17,14,1522-4153,PHARM6945,Nîmes
EMP31748,Christian,Delacroix,préparateur,CDD,25,False,,2023-09-09,21,2744-4845,PHARM6945,Lille
EMP76545,Florence,Poirier,pharmacien_adjoint,CDI,40,True,RP327854,2021-05-14,6,1549-4538,PHARM6945,Nantes
EMP63903,Sylvie,Moreau,employé_rayon,CDI,40,False,,2021-06-08,5,2867-4410,PHARM6945,Grenoble
EMP67415,Thierry,Laurent,pharmacien_titulaire,CDD,40,True,RP556591,2020-12-29,0,3141-4304,PHARM6945,Angers
EMP68301,Danielle,Arnould,préparateur,CDI,30,False,,2023-11-14,6,3258-4207,PHARM6945,Angers
EMP54857,Alain,Leroy,pharmacien_adjoint,CDI,25,True,RP759460,2023-02-17,13,2072-4957,PHARM6945,Aix-en-Provence
EMP87177,Paul,Michel,préparateur,CDD,25,False,,2022-12-21,18,3767-4444,PHARM6945,Toulouse
EMP67700,Marc,Moreau,pharmacien_titulaire,CDI,40,True,RP274811,2021-07-24,7,2275-4875,PHARM6945,Saint-Étienne
EMP69465,Laurent,Arnould,pharmacien_adjoint,CDI,25,True,RP746885,2022-12-21,14,3569-4610,PHARM6945,Brest
EMP74025,Laurent,Roux,employé_rayon,CDI,25,False,,2021-12-20,14,3453-4466,PHARM6945,Rennes
EMP62720,Michel,Lefevre,préparateur,CDI,20,False,,2022-08-31,13,3496-4975,PHARM6945,Marseille
EMP53409,Michel,Moreau,pharmacien_adjoint,CDD,20,True,RP138506,2023-06-18,11,2751-4612,PHARM6945,Bordeaux
EMP19773,Anne,Michel,préparateur,CDD,35,False,,2021-08-04,15,1718-4362,PHARM6945,Toulon
EMP99984,Jacques,Laurent,préparateur,CDI,20,False,,2022-06-25,20,2485-4340,PHARM6945,Toulon
EMP27518,Laurent,Renaud,pharmacien_adjoint,CDI,30,True,RP153787,2021-01-19,12,1757-4641,PHARM6945,Rouen
EMP50143,Christian,Benoit,préparateur,CDD,20,False,,2020-10-17,23,2461-4729,PHARM6945,Nîmes
EMP84066,Thérèse,Chevalier,pharmacien_adjoint,CDI,30,True,RP124308,2022-09-06,12,2341-4998,PHARM6945,Nantes
EMP97171,Michèle,Benoit,pharmacien_adjoint,CDI,25,True,RP134228,2021-05-27,23,3368-4498,PHARM6945,Nantes
EMP32359,Bernard,Lefevre,pharmacien_adjoint,CDD,35,True,RP897980,2020-08-17,1,3798-4927,PHARM6945,Nantes
EMP56955,Daniel,Arnould,pharmacien_adjoint,CDD,25,True,RP663660,2020-12-18,15,3238-4467,PHARM6945,Le Mans
EMP73604,Monique,Moreau,préparateur,CDD,40,False,,2020-10-09,12,3101-4458,PHARM6945,Reims
EMP52985,Martine,Laurent,employé_rayon,CDI,25,False,,2023-04-24,25,2037-4240,PHARM6945,Rennes
EMP56747,Christian,Leroy,employé_rayon,CDD,35,False,,2020-02-18,19,2138-4520,PHARM6945,Toulon
EMP84621,Alain,Delorme,préparateur,CDI,25,False,,2022-11-25,25,3673-4467,PHARM6945,Angers
EMP69124,Claire,Renaud,pharmacien_adjoint,CDI,30,True,RP545674,2020-01-14,2,2188-4210,PHARM6945,Reims
EMP15579,Françoise,Bernard,stagiaire,CDI,40,False,,2021-11-06,4,3731-4283,PHARM6945,Rouen
EMP48313,Florence,Renaud,employé_rayon,CDD,25,False,,2022-06-28,2,2875-4168,PHARM6945,Toulon
EMP11894,Paul,Dubois,préparateur,CDI,30,False,,2022-04-20,7,2577-4206,PHARM6945,Saint-Étienne
EMP93090,Cécile,Bernier,pharmacien_titulaire,CDD,30,True,RP411246,2021-07-27,9,2407-4305,PHARM6945,Toulouse
EMP52939,Pierre,Rousseau,stagiaire,CDI,35,False,,2022-06-21,12,2071-4863,PHARM6945,Rouen
EMP91413,Alain,Simon,préparateur,CDD,35,False,,2023-11-08,2,2824-4302,PHARM6945,Lyon
EMP83393,Danielle,Laurent,pharmacien_titulaire,CDD,40,True,RP216496,2023-07-28,9,1610-4164,PHARM6945,Nice
EMP71342,Michèle,Morin,stagiaire,CDD,35,False,,2021-12-09,20,1840-4514,PHARM6945,Saint-Denis
EMP40893,Daniel,Maillard,pharmacien_adjoint,CDI,35,True,RP495641,2021-05-23,10,2904-4853,PHARM6945,Grenoble
EMP60478,René,Delorme,pharmacien_adjoint,CDD,20,True,RP235468,2023-03-14,4,2821-4525,PHARM6945,Toulouse
EMP72356,Pierre,Gaillard,pharmacien_adjoint,CDI,30,True,RP548930,2022-08-27,1,3617-4956,PHARM6945,Le Mans
EMP49540,Isabelle,Bernard,pharmacien_adjoint,CDI,30,True,RP168680,2021-08-27,4,2368-4364,PHARM6945,Strasbourg
EMP70137,Anne,Simon,employé_rayon,CDD,20,False,,2023-03-30,15,3957-4884,PHARM6945,Toulon
EMP49856,Anne,Morin,pharmacien_adjoint,CDI,40,True,RP794517,2020-04-11,21,3258-4260,PHARM6945,Reims
EMP46298,Sylvie,Poulain,préparateur,CDD,25,False,,2021-11-20,4,3305-4750,PHARM6945,Paris
EMP42138,André,Andre,pharmacien_adjoint,CDD,25,True,RP613683,2022-08-02,5,3785-4754,PHARM6945,Rennes
EMP37747,Sylvie,Delacroix,pharmacien_adjoint,CDI,35,True,RP714543,2023-03-20,14,1914-4879,PHARM6945,Brest
EMP79965,Alain,Lefevre,pharmacien_adjoint,CDD,30,True,RP459089,2020-05-12,0,1688-4207,PHARM6945,Amiens
EMP47016,Christian,Leclerc,pharmacien_adjoint,CDD,20,True,RP914555,2023-12-16,7,2834-4584,PHARM6945,Rennes
EMP44396,Martine,Leclerc,pharmacien_titulaire,CDD,30,True,RP303584,2021-02-05,6,3581-4133,PHARM6945,Limoges
EMP80959,Stéphanie,Fontaine,préparateur,CDI,30,False,,2021-04-23,21,3832-4246,PHARM6945,Saint-Étienne
EMP41092,Valérie,Benoit,pharmacien_titulaire,CDI,35,True,RP348468,2023-08-19,24,2454-4731,PHARM6945,Toulouse
EMP52774,Jean-Paul,Dupont,préparateur,CDD,25,False,,2023-12-09,10,3340-4749,PHARM6945,Nîmes
EMP10482,Thérèse,Fournier,préparateur,CDI,25,False,,2021-10-28,11,2828-4558,PHARM6945,Toulon
EMP55913,Catherine,Girard,employé_rayon,CDD,20,False,,2022-06-09,15,2787-4343,PHARM6945,Nice
EMP23520,Nathalie,Bernard,stagiaire,CDD,35,False,,2022-04-23,13,2342-4489,PHARM6945,Nice
EMP42048,Thierry,Leclerc,employé_rayon,CDI,20,False,,2020-04-03,15,3842-4462,PHARM6945,Grenoble
EMP61480,Georges,Martin,préparateur,CDI,25,False,,2021-08-26,11,1740-4588,PHARM6945,Amiens
EMP96221,Cécile,Fabre,préparateur,CDD,35,False,,2022-12-11,11,2617-4850,PHARM6945,Rennes
EMP63400,Marc,Poirier,pharmacien_titulaire,CDI,20,True,RP749271,2021-06-19,14,3920-4824,PHARM6945,Montpellier
EMP88485,Christine,Gaillard,employé_rayon,CDI,20,False,,2020-08-16,22,3124-4136,PHARM6945,Toulon
EMP67313,Michèle,Blanc,pharmacien_adjoint,CDI,20,True,RP212360,2023-11-08,15,3229-4833,PHARM6945,Clermont-Ferrand
EMP94339,Michel,Poulain,préparateur,CDI,20,False,,2020-03-02,12,3389-4113,PHARM6945,Toulon
EMP54776,Jean,Bernier,préparateur,CDD,35,False,,2023-06-28,8,1915-4749,PHARM6945,Nîmes
EMP44360,Michel,Girard,employé_rayon,CDI,40,False,,2020-04-24,19,2425-4834,PHARM6945,Saint-Denis
EMP45961,Laurent,Girard,préparateur,CDI,25,False,,2020-08-12,5,3462-4661,PHARM6945,Lyon
EMP38596,Michel,Delorme,employé_rayon,CDD,30,False,,2021-06-29,25,2172-4282,PHARM6945,Paris
EMP30620,Philippe,Poulain,pharmacien_adjoint,CDI,25,True,RP104827,2022-12-02,24,3673-4257,PHARM6945,Reims
EMP87085,Laurent,Gérard,pharmacien_titulaire,CDD,20,True,RP887871,2020-10-08,3,2684-4320,PHARM6945,Le Mans
EMP33083,Catherine,Fontaine,pharmacien_titulaire,CDD,35,True,RP757082,2020-02-15,6,2608-4397,PHARM6945,Le Havre
EMP60879,Valérie,Renaud,préparateur,CDD,20,False,,2020-07-11,13,2812-4956,PHARM6945,Rennes
EMP89004,René,Roux,préparateur,CDI,20,False,,2021-07-27,17,2452-4836,PHARM6945,Marseille
EMP36125,Jean,Simon,employé_rayon,CDI,40,False,,2022-04-20,13,3244-4774,PHARM6945,Lille
EMP52816,Thérèse,Laurent,pharmacien_adjoint,CDI,35,True,RP827943,2022-05-14,17,2267-4851,PHARM6945,Reims
EMP66212,Luc,Delorme,employé_rayon,CDD,40,False,,2021-03-02,25,2492-4947,PHARM6945,Le Mans
EMP52750,Marie,Poirier,employé_rayon,CDI,35,False,,2023-06-28,18,1969-4995,PHARM6945,Paris
EMP51329,Monique,Dubois,employé_rayon,CDI,25,False,,2023-02-13,4,3751-4379,PHARM6945,Lille
EMP59583,Cécile,Bernard,pharmacien_adjoint,CDI,25,True,RP499106,2022-11-03,18,3997-4737,PHARM6945,Bordeaux
EMP33278,Pierre,Benoit,préparateur,CDI,20,False,,2022-08-13,14,3196-4432,PHARM6945,Rennes
EMP46301,Pierre,Poirier,employé_rayon,CDD,40,False,,2022-07-25,3,2794-4586,PHARM6945,Marseille
EMP62650,Stéphanie,Delorme,pharmacien_adjoint,CDI,30,True,RP120455,2023-11-04,13,3816-4566,PHARM6945,Marseille
EMP86738,Monique,Bernier,employé_rayon,CDI,20,False,,2021-03-24,24,1657-4430,PHARM6945,Paris
EMP76314,Philippe,Delorme,employé_rayon,CDD,35,False,,2021-11-01,15,1678-4410,PHARM6945,Grenoble
EMP41655,Christiane,Bernier,employé_rayon,CDI,30,False,,2023-04-17,25,1678-4471,PHARM6945,Le Havre
EMP79828,Thérèse,Roux,pharmacien_adjoint,CDI,35,True,RP926001,2023-11-20,21,3450-4759,PHARM6945,Limoges
EMP58872,Christiane,Simon,stagiaire,CDI,20,False,,2021-05-02,15,3795-4944,PHARM6945,Clermont-Ferrand
EMP87958,Marie,Gaillard,pharmacien_adjoint,CDI,20,True,RP483459,2021-01-28,7,3721-4912,PHARM6945,Grenoble
EMP72417,Cécile,Leclerc,préparateur,CDI,20,False,,2023-09-22,5,3354-4853,PHARM6945,Nîmes
EMP55435,Daniel,Morin,employé_rayon,CDD,30,False,,2020-06-07,8,3727-4821,PHARM6945,Clermont-Ferrand
EMP85890,Alain,Girard,pharmacien_adjoint,CDI,40,True,RP892840,2022-01-06,5,2864-4278,PHARM6945,Lyon
EMP28949,Stéphanie,Bernard,employé_rayon,CDI,40,False,,2023-06-13,19,2377-4913,PHARM6945,Reims
EMP97846,Jean,Gaillard,pharmacien_titulaire,CDD,35,True,RP110325,2022-11-11,23,3531-4759,PHARM6945,Clermont-Ferrand
EMP41789,Laurent,Girard,pharmacien_titulaire,CDD,40,True,RP112916,2023-11-18,10,3648-4770,PHARM6945,Amiens
EMP83325,Laurent,Delacroix,pharmacien_titulaire,CDI,35,True,RP668840,2021-03-24,1,1881-4587,PHARM6945,Marseille
EMP46745,Danielle,Laurent,préparateur,CDI,30,False,,2023-12-21,9,3984-4111,PHARM6945,Nantes
EMP19132,Anne,Morin,pharmacien_titulaire,CDD,35,True,RP926161,2020-07-31,24,3893-4272,PHARM6945,Nantes
EMP16363,Pierre,Maillard,pharmacien_titulaire,CDI,35,True,RP335533,2021-01-02,15,2202-4652,PHARM6945,Amiens
EMP79606,Jean-Paul,Simon,pharmacien_adjoint,CDI,35,True,RP292651,2021-08-29,1,2127-4273,PHARM6945,Lille
EMP97823,Stéphanie,Gaillard,pharmacien_adjoint,CDI,20,True,RP221643,2020-09-28,22,3422-4754,PHARM6945,Lille
EMP23472,Florence,Dupont,stagiaire,CDD,20,False,,2022-05-12,3,1757-4540,PHARM6945,Paris
EMP75704,Paul,Leclerc,pharmacien_adjoint,CDD,35,True,RP131063,2023-02-28,0,3851-4683,PHARM6945,Grenoble
EMP62744,Philippe,Fontaine,employé_rayon,CDI,40,False,,2023-05-26,11,2494-4875,PHARM6945,Marseille
EMP12256,Olivier,Arnould,préparateur,CDD,20,False,,2023-09-29,20,2831-4796,PHARM6945,Nice
EMP36336,Laurent,Poirier,préparateur,CDD,40,False,,2023-04-20,19,3411-4981,PHARM6945,Grenoble
EMP66293,Pierre,Lefevre,employé_rayon,CDI,25,False,,2022-09-07,0,2345-4562,PHARM6945,Grenoble
EMP79678,Catherine,Moreau,pharmacien_adjoint,CDI,20,True,RP534720,2022-12-12,0,2989-4469,PHARM6945,Le Havre
EMP61350,Michèle,Benoit,pharmacien_titulaire,CDI,35,True,RP319111,2020-01-01,0,1684-4161,PHARM6945,Paris
EMP57995,Martine,Lefevre,pharmacien_titulaire,CDD,40,True,RP431361,2021-09-29,7,3130-4879,PHARM6945,Rennes
EMP25298,Philippe,Fontaine,préparateur,CDD,25,False,,2020-05-27,22,2711-4408,PHARM6945,Grenoble
EMP53093,Thérèse,Girard,pharmacien_adjoint,CDI,35,True,RP268109,2020-09-06,20,1824-4630,PHARM6945,Aix-en-Provence
EMP39936,André,Girard,pharmacien_adjoint,CDI,40,True,RP383986,2020-06-14,1,3021-4909,PHARM6945,Grenoble
EMP71769,Nathalie,Delorme,pharmacien_adjoint,CDD,30,True,RP365136,2022-06-14,8,1777-4100,PHARM6945,Marseille
EMP49288,Irène,Poirier,employé_rayon,CDI,35,False,,2021-04-13,12,2024-4637,PHARM6945,Lille
EMP27278,Jacques,Rousseau,pharmacien_adjoint,CDI,40,True,RP722058,2023-11-28,19,3271-4420,PHARM6945,Strasbourg
EMP10159,Nathalie,Fournier,préparateur,CDI,35,False,,2023-12-09,5,3392-4650,PHARM6945,Toulon
EMP77805,Michel,Rousseau,employé_rayon,CDD,20,False,,2023-07-27,1,3535-4767,PHARM6945,Lyon
EMP91377,Daniel,Laurent,pharmacien_adjoint,CDD,35,True,RP169569,2020-04-04,23,2278-4789,PHARM6945,Bordeaux
EMP52279,Monique,Simon,préparateur,CDD,35,False,,2020-12-15,12,2640-4888,PHARM6945,Toulon
EMP32397,Jean,Rousseau,employé_rayon,CDI,30,False,,2021-07-09,17,3776-4804,PHARM6945,Nantes
EMP46169,Monique,Delorme,employé_rayon,CDD,25,False,,2022-11-23,8,1607-4710,PHARM6945,Bordeaux
EMP81765,Pierre,Poirier,pharmacien_adjoint,CDI,20,True,RP420408,2020-11-01,22,2680-4413,PHARM6945,Lyon
EMP81078,Christine,Roux,préparateur,CDD,35,False,,2022-12-21,21,2307-4234,PHARM6945,Rouen
EMP63325,Thérèse,Simon,pharmacien_adjoint,CDI,25,True,RP521886,2022-01-04,3,2488-4626,PHARM6945,Strasbourg
EMP77415,Françoise,Fournier,pharmacien_adjoint,CDD,20,True,RP820022,2020-08-23,9,2564-4897,PHARM6945,Brest
EMP89161,Nathalie,Fabre,préparateur,CDI,30,False,,2020-03-13,1,2749-4414,PHARM6945,Le Havre
EMP85321,Sophie,Maillard,pharmacien_adjoint,CDI,35,True,RP120133,2021-12-29,20,1954-4769,PHARM6945,Bordeaux
EMP61890,Claire,Poulain,stagiaire,CDD,35,False,,2023-01-30,10,2273-4218,PHARM6945,Rouen
EMP61535,Jacques,Dubois,préparateur,CDI,20,False,,2022-07-16,2,3582-4678,PHARM6945,Marseille
EMP27393,Joseph,Chevalier,employé_rayon,CDI,40,False,,2021-11-09,4,1773-4772,PHARM6945,Grenoble
EMP62493,Alain,Bernier,pharmacien_titulaire,CDD,40,True,RP430322,2020-12-30,15,3671-4289,PHARM6945,Paris
EMP80940,Marc,Poirier,employé_rayon,CDI,20,False,,2020-07-01,16,3993-4575,PHARM6945,Saint-Étienne
EMP95409,Françoise,Arnould,employé_rayon,CDI,40,False,,2020-11-06,1,2043-4930,PHARM6945,Amiens
EMP74072,Jacques,Fontaine,préparateur,CDD,20,False,,2022-05-15,18,2029-4705,PHARM6945,Marseille
EMP88262,Marc,Dupont,préparateur,CDI,25,False,,2021-12-09,17,3866-4776,PHARM6945,Toulouse
EMP94289,Laurent,Laurent,employé_rayon,CDD,40,False,,2022-12-23,20,3341-4847,PHARM6945,Brest
EMP87062,Jean,Michel,pharmacien_titulaire,CDD,35,True,RP418418,2021-01-13,9,2574-4664,PHARM6945,Clermont-Ferrand
EMP61456,Anne,Bernier,stagiaire,CDI,30,False,,2022-08-06,17,2707-4752,PHARM6945,Bordeaux
EMP22852,Laurent,Poirier,pharmacien_adjoint,CDD,25,True,RP537460,2023-07-31,2,2322-4501,PHARM6945,Toulouse
EMP48514,Catherine,Blanc,préparateur,CDD,40,False,,2020-07-14,3,3532-4525,PHARM6945,Saint-Denis
EMP26721,Luc,Bernard,pharmacien_titulaire,CDD,40,True,RP724942,2023-08-19,13,1579-4976,PHARM6945,Paris
EMP86798,André,Gaillard,préparateur,CDD,25,False,,2021-01-15,3,2361-4740,PHARM6945,Strasbourg
EMP85839,Thérèse,Fabre,employé_rayon,CDD,30,False,,2021-12-22,8,3731-4156,PHARM6945,Grenoble
EMP19622,Laurent,Chevalier,pharmacien_adjoint,CDI,20,True,RP691694,2023-04-23,16,2608-4453,PHARM6945,Clermont-Ferrand
EMP20067,Florence,Rousseau,pharmacien_titulaire,CDI,40,True,RP209167,2023-09-05,13,2492-4729,PHARM6945,Reims
EMP89175,Jacques,Andre,employé_rayon,CDI,40,False,,2022-11-02,12,2048-4581,PHARM6945,Marseille
EMP18133,Jean-Paul,Blanc,stagiaire,CDD,20,False,,2023-11-04,8,1911-4970,PHARM6945,Paris
EMP71839,Isabelle,Arnould,employé_rayon,CDI,20,False,,2022-12-08,9,3841-4877,PHARM6945,Amiens
EMP39270,Sophie,Dubois,pharmacien_titulaire,CDD,40,True,RP926220,2023-12-21,13,3670-4780,PHARM6945,Saint-Denis
EMP97807,Luc,Poulain,stagiaire,CDD,40,False,,2021-03-22,9,2769-4592,PHARM6945,Le Mans
EMP66886,Thierry,Renaud,pharmacien_titulaire,CDI,40,True,RP986716,2023-03-23,5,1724-4589,PHARM6945,Clermont-Ferrand
EMP27804,Sophie,Leroy,pharmacien_titulaire,CDD,20,True,RP827546,2021-03-16,16,1578-4217,PHARM6945,Le Havre
EMP44274,Philippe,Morin,employé_rayon,CDI,30,False,,2021-04-08,20,3620-4458,PHARM6945,Le Havre
EMP42421,Isabelle,Bernard,pharmacien_adjoint,CDD,30,True,RP128983,2021-07-08,17,2082-4973,PHARM6945,Reims
EMP80201,Christian,Girard,pharmacien_titulaire,CDD,25,True,RP440524,2022-04-11,12,2046-4243,PHARM6945,Nantes
EMP92129,Sophie,Bernard,pharmacien_titulaire,CDD,25,True,RP402902,2021-02-18,14,3613-4498,PHARM6945,Nice
EMP67762,Isabelle,Fabre,employé_rayon,CDI,40,False,,2023-06-23,11,2365-4257,PHARM6945,Aix-en-Provence
EMP40107,Michèle,Arnould,employé_rayon,CDD,35,False,,2020-11-24,14,3958-4787,PHARM6945,Amiens
EMP63052,Bernard,Gaillard,préparateur,CDD,30,False,,2022-04-05,0,3570-4379,PHARM6945,Lille
EMP55121,Thérèse,Laurent,pharmacien_titulaire,CDD,35,True,RP368192,2023-07-09,4,1755-4951,PHARM6945,Toulouse
EMP67451,Bernard,Morin,préparateur,CDI,40,False,,2021-11-02,21,3303-4272,PHARM6945,Grenoble
EMP70877,Jacques,Rousseau,préparateur,CDI,40,False,,2021-01-31,0,3991-4313,PHARM6945,Limoges
EMP60681,Florence,Benoit,préparateur,CDI,30,False,,2022-05-30,17,3319-4583,PHARM6945,Limoges
EMP54365,Valérie,Girard,préparateur,CDD,40,False,,2022-04-30,5,3117-4422,PHARM6945,Angers
EMP11758,Marie,Andre,employé_rayon,CDD,40,False,,2021-04-06,21,3188-4817,PHARM6945,Saint-Étienne
EMP85782,Daniel,Leroy,préparateur,CDI,20,False,,2021-11-27,2,1552-4260,PHARM6945,Aix-en-Provence
EMP68870,Florence,Michel,pharmacien_titulaire,CDD,20,True,RP241411,2022-02-11,6,2688-4732,PHARM6945,Marseille
EMP10272,Sophie,Michel,pharmacien_adjoint,CDI,30,True,RP952730,2023-04-23,24,2894-4425,PHARM6945,Clermont-Ferrand
EMP40282,René,Arnould,pharmacien_titulaire,CDD,35,True,RP523483,2023-02-02,12,3702-4510,PHARM6945,Lille
EMP91836,Olivier,Chevalier,employé_rayon,CDD,25,False,,2023-06-06,22,3843-4815,PHARM6945,Montpellier
EMP87042,Isabelle,Renaud,préparateur,CDI,25,False,,2020-05-25,3,1777-4542,PHARM6945,Toulouse
EMP30829,Jacques,Bernard,préparateur,CDI,30,False,,2023-09-11,7,1691-4181,PHARM6945,Lyon
EMP99593,Paul,Bernier,pharmacien_adjoint,CDD,20,True,RP541067,2020-08-15,14,3823-4237,PHARM6945,Bordeaux
EMP93439,Valérie,Benoit,employé_rayon,CDD,40,False,,2023-08-15,22,3689-4218,PHARM6945,Le Havre
EMP36050,Sophie,Fournier,pharmacien_titulaire,CDD,25,True,RP516671,2023-04-11,10,3943-4831,PHARM6945,Lille
EMP21530,Florence,Benoit,employé_rayon,CDD,20,False,,2021-07-28,1,2692-4868,PHARM6945,Paris
EMP31016,Florence,Gérard,pharmacien_titulaire,CDI,20,True,RP232173,2020-01-03,11,3370-4687,PHARM6945,Saint-Denis
EMP42148,Joseph,Leclerc,employé_rayon,CDI,25,False,,2020-02-09,1,2244-4428,PHARM6945,Amiens
EMP13797,Christiane,Fontaine,pharmacien_titulaire,CDI,25,True,RP189530,2021-05-22,23,3226-4429,PHARM6945,Rennes
EMP76049,Luc,Michel,pharmacien_titulaire,CDI,20,True,RP599206,2023-01-24,6,3170-4456,PHARM6945,Rouen
EMP95454,Jacques,Lefevre,préparateur,CDD,35,False,,2021-09-21,1,2124-4770,PHARM6945,Le Mans
EMP57584,Jacques,Benoit,employé_rayon,CDI,30,False,,2023-08-09,18,3520-4214,PHARM6945,Amiens
EMP45752,Luc,Rousseau,employé_rayon,CDD,40,False,,2023-08-21,5,1853-4215,PHARM6945,Reims
EMP86947,Stéphanie,Fournier,employé_rayon,CDI,35,False,,2020-12-09,15,1984-4925,PHARM6945,Bordeaux
EMP19967,Jacques,Simon,pharmacien_adjoint,CDD,20,True,RP451710,2023-01-05,19,1748-4492,PHARM6945,Rennes
EMP74758,Françoise,Poirier,employé_rayon,CDD,25,False,,2023-01-12,0,3085-4231,PHARM6945,Saint-Denis
EMP57938,Paul,Bernier,préparateur,CDD,20,False,,2020-05-29,9,3183-4998,PHARM6945,Marseille
EMP98495,Joseph,Gaillard,pharmacien_titulaire,CDD,25,True,RP865154,2022-09-25,0,1977-4392,PHARM6945,Lyon
EMP87977,Claire,Rousseau,préparateur,CDD,30,False,,2023-07-11,23,2558-4355,PHARM6945,Nantes
EMP88805,Philippe,Dubois,pharmacien_adjoint,CDD,30,True,RP457865,2023-01-08,1,2541-4737,PHARM6945,Nîmes
EMP33477,Valérie,Poirier,préparateur,CDD,25,False,,2022-06-13,1,2655-4994,PHARM6945,Grenoble
EMP11393,Laurent,Bernard,pharmacien_titulaire,CDI,35,True,RP919423,2022-08-27,13,3957-4963,PHARM6945,Aix-en-Provence
EMP94820,Joseph,Dupont,pharmacien_adjoint,CDD,40,True,RP978159,2021-07-08,22,2080-4509,PHARM6945,Saint-Denis
EMP92426,Luc,Fournier,préparateur,CDD,40,False,,2020-07-26,25,2731-4628,PHARM6945,Lyon
EMP33913,Marie,Benoit,employé_rayon,CDI,40,False,,2023-03-30,6,2609-4969,PHARM6945,Nantes
EMP94962,Jacques,Blanc,préparateur,CDD,30,False,,2021-08-24,6,1890-4608,PHARM6945,Marseille
EMP73014,Philippe,Michel,pharmacien_titulaire,CDI,20,True,RP555812,2022-11-09,1,3981-4725,PHARM6945,Grenoble
EMP16496,Thérèse,Michel,pharmacien_titulaire,CDI,40,True,RP124897,2023-02-01,17,3523-4955,PHARM6945,Aix-en-Provence
EMP99282,Christine,Leroy,employé_rayon,CDI,40,False,,2023-05-10,4,3327-4425,PHARM6945,Lille
EMP59767,Pascale,Delorme,pharmacien_adjoint,CDD,35,True,RP485675,2023-01-02,8,3899-4603,PHARM6945,Montpellier
EMP99048,Marc,Rousseau,préparateur,CDD,25,False,,2023-12-06,4,3374-4969,PHARM6945,Nîmes
EMP35644,Marc,Bernier,pharmacien_adjoint,CDD,25,True,RP952106,2022-06-24,2,2538-4800,PHARM6945,Grenoble
EMP26804,Christiane,Dupont,pharmacien_titulaire,CDI,30,True,RP216622,2021-08-10,21,3987-4180,PHARM6945,Rennes
EMP25177,Danielle,Moreau,employé_rayon,CDI,35,False,,2023-04-16,16,2769-4756,PHARM6945,Clermont-Ferrand
EMP95375,Danielle,Leroy,stagiaire,CDI,20,False,,2022-12-17,25,2845-4616,PHARM6945,Reims
EMP55937,Florence,Gérard,pharmacien_titulaire,CDI,40,True,RP555116,2022-05-24,13,2844-4381,PHARM6945,Rennes
EMP97821,Nathalie,Rousseau,pharmacien_titulaire,CDD,35,True,RP343460,2023-11-05,11,3804-4534,PHARM6945,Rouen
EMP55780,Marie,Gaillard,pharmacien_adjoint,CDI,20,True,RP272178,2023-09-17,10,1786-4850,PHARM6945,Bordeaux
EMP79122,Michel,Leclerc,pharmacien_titulaire,CDI,20,True,RP405249,2021-01-12,20,3502-4283,PHARM6945,Paris
EMP92496,Michel,Laurent,pharmacien_titulaire,CDI,20,True,RP227462,2021-11-20,19,2138-4518,PHARM6945,Lyon
EMP13230,Christian,Fournier,préparateur,CDI,20,False,,2021-09-30,23,3664-4131,PHARM6945,Nice
EMP27231,Jacques,Leclerc,préparateur,CDI,35,False,,2020-07-12,3,2533-4199,PHARM6945,Limoges
EMP45909,Pascale,Rousseau,préparateur,CDD,35,False,,2023-04-08,25,2686-4522,PHARM6945,Marseille
EMP59230,Michel,Renaud,préparateur,CDI,35,False,,2022-06-24,25,2845-4402,PHARM6945,Nice
EMP93016,Daniel,Blanc,pharmacien_titulaire,CDI,25,True,RP568326,2022-11-21,4,2016-4194,PHARM6945,Toulouse
EMP24026,Irène,Fontaine,pharmacien_adjoint,CDI,20,True,RP658403,2022-09-16,4,2164-4809,PHARM6945,Aix-en-Provence
EMP19778,Martine,Blanc,pharmacien_titulaire,CDD,30,True,RP983755,2023-06-12,4,2839-4807,PHARM6945,Lyon
EMP33933,Bernard,Dupont,pharmacien_titulaire,CDI,25,True,RP959266,2022-04-11,15,1546-4917,PHARM6945,Nice
EMP15711,Alain,Renaud,pharmacien_adjoint,CDD,20,True,RP745370,2023-04-05,10,3278-4559,PHARM6945,Rennes
EMP51911,Claire,Andre,pharmacien_titulaire,CDI,25,True,RP160388,2022-09-23,6,1982-4119,PHARM6945,Reims
EMP89395,Irène,Poulain,préparateur,CDD,30,False,,2021-05-23,16,1703-4565,PHARM6945,Angers
EMP11722,Philippe,Girard,préparateur,CDI,30,False,,2020-03-01,6,3699-4978,PHARM6945,Lyon
EMP57150,Catherine,Martin,pharmacien_adjoint,CDI,20,True,RP448736,2022-03-16,12,2997-4150,PHARM6945,Reims
EMP82686,Danielle,Delacroix,pharmacien_titulaire,CDI,30,True,RP108869,2023-12-28,25,3346-4404,PHARM6945,Clermont-Ferrand
EMP17303,Bernard,Benoit,pharmacien_adjoint,CDD,25,True,RP895843,2021-06-13,22,2628-4910,PHARM6945,Aix-en-Provence
EMP42072,André,Fabre,employé_rayon,CDI,40,False,,2022-02-24,4,2030-4724,PHARM6945,Le Havre
EMP68350,Jacques,Leroy,employé_rayon,CDI,30,False,,2022-09-14,14,2378-4776,PHARM6945,Le Havre
EMP64423,Philippe,Maillard,pharmacien_adjoint,CDD,40,True,RP711162,2021-01-03,18,3644-4642,PHARM6945,Limoges
EMP39607,Nathalie,Leroy,préparateur,CDD,25,False,,2020-01-28,2,2860-4836,PHARM6945,Lyon
EMP97595,Danielle,Benoit,employé_rayon,CDD,20,False,,2021-05-19,18,3777-4173,PHARM6945,Marseille
EMP48246,Laurent,Lefevre,pharmacien_adjoint,CDI,20,True,RP835204,2023-01-19,23,3347-4562,PHARM6945,Bordeaux
EMP90317,Georges,Fabre,stagiaire,CDD,25,False,,2023-09-15,8,3394-4515,PHARM6945,Saint-Denis
EMP78750,Laurent,Simon,employé_rayon,CDD,40,False,,2021-08-28,2,2818-4245,PHARM6945,Amiens
EMP28475,Michel,Rousseau,pharmacien_adjoint,CDI,20,True,RP643119,2020-01-18,15,2359-4309,PHARM6945,Lyon
EMP71640,Marc,Moreau,pharmacien_adjoint,CDD,40,True,RP198934,2023-04-15,25,2058-4712,PHARM6945,Brest
EMP10078,Pascale,Gérard,employé_rayon,CDD,30,False,,2023-09-20,10,1625-4919,PHARM6945,Amiens
EMP14872,Jean,Fabre,préparateur,CDI,20,False,,2023-11-24,10,3380-4175,PHARM6945,Saint-Étienne
EMP78485,Michèle,Rousseau,pharmacien_adjoint,CDD,30,True,RP370281,2021-12-08,24,2885-4444,PHARM6945,Brest
EMP72404,Jacques,Delorme,pharmacien_titulaire,CDI,40,True,RP268722,2021-03-25,11,3566-4201,PHARM6945,Aix-en-Provence
EMP80965,Anne,Michel,préparateur,CDD,20,False,,2022-11-18,7,3709-4239,PHARM6945,Montpellier
EMP94780,Paul,Dupont,pharmacien_titulaire,CDI,35,True,RP719862,2021-11-19,2,3908-4295,PHARM6945,Aix-en-Provence
EMP51487,Florence,Leclerc,pharmacien_adjoint,CDI,25,True,RP988340,2020-09-03,23,2959-4237,PHARM6945,Saint-Denis
EMP40128,Bernard,Poirier,préparateur,CDD,40,False,,2020-10-18,5,3724-4329,PHARM6945,Nîmes
EMP51138,Joseph,Blanc,préparateur,CDI,40,False,,2020-10-29,9,3551-4514,PHARM6945,Saint-Étienne
EMP80419,Marc,Chevalier,préparateur,CDI,35,False,,2020-11-04,25,1811-4971,PHARM6945,Amiens
EMP53103,Georges,Laurent,employé_rayon,CDI,35,False,,2022-09-04,21,1556-4309,PHARM6945,Toulouse
EMP65496,Jacques,Delorme,pharmacien_titulaire,CDI,25,True,RP692221,2022-07-20,8,2373-4581,PHARM6945,Angers
EMP84519,Anne,Rousseau,employé_rayon,CDI,20,False,,2020-05-10,22,1849-4869,PHARM6945,Grenoble
EMP38443,Christian,Rousseau,préparateur,CDD,20,False,,2023-11-16,15,1517-4505,PHARM6945,Amiens
EMP31068,Christian,Martin,employé_rayon,CDD,40,False,,2022-09-25,2,2697-4478,PHARM6945,Toulouse
EMP96146,Joseph,Arnould,employé_rayon,CDI,30,False,,2020-08-19,4,2662-4653,PHARM6945,Grenoble
EMP65433,Claire,Arnould,pharmacien_adjoint,CDD,35,True,RP983067,2021-05-31,17,3818-4606,PHARM6945,Montpellier
EMP11474,Alain,Laurent,préparateur,CDD,35,False,,2023-09-22,25,1772-4498,PHARM6945,Saint-Étienne
EMP95514,Jean,Bernard,préparateur,CDD,20,False,,2022-02-07,0,3294-4652,PHARM6945,Rouen
EMP33562,Georges,Poirier,employé_rayon,CDD,25,False,,2022-10-02,23,2447-4686,PHARM6945,Rennes
EMP77892,Laurent,Michel,pharmacien_titulaire,CDD,25,True,RP485108,2020-10-25,12,2320-4229,PHARM6945,Nîmes
